<?xml version="1.0" encoding="utf-8" standalone="yes"?>
<rss version="2.0" xmlns:atom="http://www.w3.org/2005/Atom">
  <channel>
    <title>Live Craps Online – Real-Time Action, Real Dealers on Play Live Craps Online</title>
    <link>https://liveonlinecraps.com/about-us/</link>
    <description>Recent content in Live Craps Online – Real-Time Action, Real Dealers on Play Live Craps Online</description>
    <generator>Hugo</generator>
    <language>en</language>
    <lastBuildDate></lastBuildDate>
    <atom:link href="https://liveonlinecraps.com/about-us/index.xml" rel="self" type="application/rss+xml" />
  </channel>
</rss>
