<?xml version="1.0" encoding="utf-8" standalone="yes"?>
<rss version="2.0" xmlns:atom="http://www.w3.org/2005/Atom">
  <channel>
    <title>Play Live Craps Online – Terms of Use &amp; Player Agreement on Play Live Craps Online</title>
    <link>https://liveonlinecraps.com/terms-and-conditions/</link>
    <description>Recent content in Play Live Craps Online – Terms of Use &amp; Player Agreement on Play Live Craps Online</description>
    <generator>Hugo</generator>
    <language>en</language>
    <lastBuildDate></lastBuildDate>
    <atom:link href="https://liveonlinecraps.com/terms-and-conditions/index.xml" rel="self" type="application/rss+xml" />
  </channel>
</rss>
