<?xml version="1.0" encoding="utf-8" standalone="yes"?>
<rss version="2.0" xmlns:atom="http://www.w3.org/2005/Atom">
  <channel>
    <title>Best Live Craps Online – Play Safe &amp; Stay in Control on Play Live Craps Online</title>
    <link>https://liveonlinecraps.com/responsible-gaming/</link>
    <description>Recent content in Best Live Craps Online – Play Safe &amp; Stay in Control on Play Live Craps Online</description>
    <generator>Hugo</generator>
    <language>en</language>
    <lastBuildDate></lastBuildDate>
    <atom:link href="https://liveonlinecraps.com/responsible-gaming/index.xml" rel="self" type="application/rss+xml" />
  </channel>
</rss>
